{"CT image": 231, "PRJ image": 0, "slices": 231, "height": 512, "width": 512, "maximum value": 3000, "mininum value": -1000, "mean value": -318.1080265953427, "maxilla num": 3103508, "mandibular num": 1773861, "teeth num": 75320, "hist maximum freq": 59973, "hist maximum freq s index": 0, "hist maximum freq s value": -1000.0, "stat weight": 0.0009903845848975243}